{
  "lambda_values": [
    0.0,
    0.001,
    0.002,
    0.003,
    0.004,
    0.005,
    0.006,
    0.007,
    0.008,
    0.009,
    0.01,
    0.011,
    0.012,
    0.013,
    0.014,
    0.015,
    0.016,
    0.017,
    0.018,
    0.019,
    0.02,
    0.021,
    0.022,
    0.023,
    0.024,
    0.025,
    0.026,
    0.027,
    0.028,
    0.029,
    0.03,
    0.031,
    0.032,
    0.033,
    0.034,
    0.035,
    0.036,
    0.037,
    0.038,
    0.039,
    0.04,
    0.041,
    0.042,
    0.043,
    0.044,
    0.045,
    0.046,
    0.047,
    0.048,
    0.049,
    0.05
  ],
  "welfare_clustering": {
    "total_costs": [
      0.10000000000000003,
      0.12235483977587128,
      0.14470967955174252,
      0.1670645193276138,
      0.18941935910348504,
      0.21177419887935628,
      0.23412903865522755,
      0.25648387843109877,
      0.27883871820697004,
      0.30119355798284125,
      0.3235483977587125,
      0.34590323753458374,
      0.368258077310455,
      0.3906129170863263,
      0.4129677568621975,
      0.43532259663806877,
      0.45767743641394004,
      0.48003227618981126,
      0.5023871159656825,
      0.5247419557415538,
      0.5470967955174251,
      0.5694516352932962,
      0.5918064750691675,
      0.6141613148450388,
      0.63651615462091,
      0.6588709943967813,
      0.6812258341726525,
      0.7035806739485237,
      0.725935513724395,
      0.7482903535002664,
      0.7706451932761376,
      0.7930000330520087,
      0.81535487282788,
      0.8377097126037513,
      0.8600645523796225,
      0.8824193921554938,
      0.904774231931365,
      0.9271290717072362,
      0.9494839114831075,
      0.9718387512589788,
      0.99419359103485,
      1.0165484308107213,
      1.0389032705865926,
      1.0612581103624636,
      1.083612950138335,
      1.1059677899142062,
      1.1283226296900775,
      1.1506774694659487,
      1.17303230924182,
      1.1953871490176913,
      1.2177419887935625
    ],
    "distance_costs": [
      22.45483977587125,
      22.45483977587125,
      22.45483977587125,
      22.45483977587125,
      22.45483977587125,
      22.45483977587125,
      22.45483977587125,
      22.45483977587125,
      22.45483977587125,
      22.45483977587125,
      22.45483977587125,
      22.45483977587125,
      22.45483977587125,
      22.45483977587125,
      22.45483977587125,
      22.45483977587125,
      22.45483977587125,
      22.45483977587125,
      22.45483977587125,
      22.45483977587125,
      22.45483977587125,
      22.45483977587125,
      22.45483977587125,
      22.45483977587125,
      22.45483977587125,
      22.45483977587125,
      22.45483977587125,
      22.45483977587125,
      22.45483977587125,
      22.45483977587125,
      22.45483977587125,
      22.45483977587125,
      22.45483977587125,
      22.45483977587125,
      22.45483977587125,
      22.45483977587125,
      22.45483977587125,
      22.45483977587125,
      22.45483977587125,
      22.45483977587125,
      22.45483977587125,
      22.45483977587125,
      22.45483977587125,
      22.45483977587125,
      22.45483977587125,
      22.45483977587125,
      22.45483977587125,
      22.45483977587125,
      22.45483977587125,
      22.45483977587125,
      22.45483977587125
    ],
    "fairness_costs": [
      0.10000000000000003,
      0.10000000000000003,
      0.10000000000000003,
      0.10000000000000003,
      0.10000000000000003,
      0.10000000000000003,
      0.10000000000000003,
      0.10000000000000003,
      0.10000000000000003,
      0.10000000000000003,
      0.10000000000000003,
      0.10000000000000003,
      0.10000000000000003,
      0.10000000000000003,
      0.10000000000000003,
      0.10000000000000003,
      0.10000000000000003,
      0.10000000000000003,
      0.10000000000000003,
      0.10000000000000003,
      0.10000000000000003,
      0.10000000000000003,
      0.10000000000000003,
      0.10000000000000003,
      0.10000000000000003,
      0.10000000000000003,
      0.10000000000000003,
      0.10000000000000003,
      0.10000000000000003,
      0.10000000000000003,
      0.10000000000000003,
      0.10000000000000003,
      0.10000000000000003,
      0.10000000000000003,
      0.10000000000000003,
      0.10000000000000003,
      0.10000000000000003,
      0.10000000000000003,
      0.10000000000000003,
      0.10000000000000003,
      0.10000000000000003,
      0.10000000000000003,
      0.10000000000000003,
      0.10000000000000003,
      0.10000000000000003,
      0.10000000000000003,
      0.10000000000000003,
      0.10000000000000003,
      0.10000000000000003,
      0.10000000000000003,
      0.10000000000000003
    ],
    "cost_ratios": [
      224.5483977587124,
      224.5483977587124,
      224.5483977587124,
      224.5483977587124,
      224.5483977587124,
      224.5483977587124,
      224.5483977587124,
      224.5483977587124,
      224.5483977587124,
      224.5483977587124,
      224.5483977587124,
      224.5483977587124,
      224.5483977587124,
      224.5483977587124,
      224.5483977587124,
      224.5483977587124,
      224.5483977587124,
      224.5483977587124,
      224.5483977587124,
      224.5483977587124,
      224.5483977587124,
      224.5483977587124,
      224.5483977587124,
      224.5483977587124,
      224.5483977587124,
      224.5483977587124,
      224.5483977587124,
      224.5483977587124,
      224.5483977587124,
      224.5483977587124,
      224.5483977587124,
      224.5483977587124,
      224.5483977587124,
      224.5483977587124,
      224.5483977587124,
      224.5483977587124,
      224.5483977587124,
      224.5483977587124,
      224.5483977587124,
      224.5483977587124,
      224.5483977587124,
      224.5483977587124,
      224.5483977587124,
      224.5483977587124,
      224.5483977587124,
      224.5483977587124,
      224.5483977587124,
      224.5483977587124,
      224.5483977587124,
      224.5483977587124,
      224.5483977587124
    ]
  },
  "socially_fair": {
    "total_costs": [
      1.0,
      0.9990891333220492,
      0.9981782666440984,
      0.9972673999661475,
      0.9963565332881967,
      0.9954456666102458,
      0.994534799932295,
      0.9936239332543442,
      0.9927130665763934,
      0.9918021998984425,
      0.9908913332204917,
      0.9899804665425409,
      0.9890695998645901,
      0.9881587331866393,
      0.9872478665086885,
      0.9863369998307375,
      0.9854261331527867,
      0.9845152664748359,
      0.9836043997968851,
      0.9826935331189343,
      0.9817826664409834,
      0.9808717997630326,
      0.9799609330850818,
      0.979050066407131,
      0.9781391997291802,
      0.9772283330512292,
      0.9763174663732784,
      0.9754065996953276,
      0.9744957330173768,
      0.973584866339426,
      0.9726739996614752,
      0.9717631329835243,
      0.9708522663055735,
      0.9699413996276227,
      0.9690305329496719,
      0.968119666271721,
      0.9672087995937702,
      0.9662979329158193,
      0.9653870662378685,
      0.9644761995599177,
      0.9635653328819669,
      0.9626544662040161,
      0.9617435995260653,
      0.9608327328481144,
      0.9599218661701636,
      0.9590109994922127,
      0.9581001328142619,
      0.9571892661363111,
      0.9562783994583602,
      0.9553675327804094,
      0.9544566661024586
    ],