{
  "lambda_values": [
    0.0,
    0.001,
    0.002,
    0.003,
    0.004,
    0.005,
    0.006,
    0.007,
    0.008,
    0.009,
    0.01,
    0.011,
    0.012,
    0.013,
    0.014,
    0.015,
    0.016,
    0.017,
    0.018,
    0.019,
    0.02,
    0.021,
    0.022,
    0.023,
    0.024,
    0.025,
    0.026,
    0.027,
    0.028,
    0.029,
    0.03,
    0.031,
    0.032,
    0.033,
    0.034,
    0.035,
    0.036,
    0.037,
    0.038,
    0.039,
    0.04,
    0.041,
    0.042,
    0.043,
    0.044,
    0.045,
    0.046,
    0.047,
    0.048,
    0.049,
    0.05
  ],
  "welfare_clustering": {
    "total_costs": [
      0.002500000000000016,
      0.016959968983690926,
      0.031419937967381836,
      0.04587990695107275,
      0.060339875934763657,
      0.07479984491845458,
      0.08925981390214549,
      0.10371978288583639,
      0.1181797518695273,
      0.1326397208532182,
      0.14709968983690913,
      0.16155965882060003,
      0.17601962780429098,
      0.19047959678798185,
      0.20493956577167277,
      0.21939953475536367,
      0.2338595037390546,
      0.24831947272274554,
      0.2627794417064364,
      0.2772394106901273,
      0.29169937967381826,
      0.30615934865750916,
      0.32061931764120005,
      0.33507928662489095,
      0.3495392556085819,
      0.36399922459227285,
      0.3784591935759637,
      0.3929191625596546,
      0.4073791315433455,
      0.4218391005270365,
      0.43629906951072733,
      0.45075903849441823,
      0.4652190074781092,
      0.47967897646180013,
      0.49413894544549103,
      0.508598914429182,
      0.5230588834128728,
      0.5375188523965637,
      0.5519788213802546,
      0.5664387903639455,
      0.5808987593476366,
      0.5953587283313274,
      0.6098186973150184,
      0.6242786662987092,
      0.6387386352824,
      0.653198604266091,
      0.6676585732497818,
      0.6821185422334729,
      0.6965785112171639,
      0.7110384802008547,
      0.7254984491845456
    ],
    "distance_costs": [
      14.462468983690911,
      14.462468983690911,
      14.462468983690911,
      14.462468983690911,
      14.462468983690911,
      14.462468983690911,
      14.462468983690911,
      14.462468983690911,
      14.462468983690911,
      14.462468983690911,
      14.462468983690911,
      14.462468983690911,
      14.462468983690911,
      14.462468983690911,
      14.462468983690911,
      14.462468983690911,
      14.462468983690911,
      14.462468983690911,
      14.462468983690911,
      14.462468983690911,
      14.462468983690911,
      14.462468983690911,
      14.462468983690911,
      14.462468983690911,
      14.462468983690911,
      14.462468983690911,
      14.462468983690911,
      14.462468983690911,
      14.462468983690911,
      14.462468983690911,
      14.462468983690911,
      14.462468983690911,
      14.462468983690911,
      14.462468983690911,
      14.462468983690911,
      14.462468983690911,
      14.462468983690911,
      14.462468983690911,
      14.462468983690911,
      14.462468983690911,
      14.462468983690911,
      14.462468983690911,
      14.462468983690911,
      14.462468983690911,
      14.462468983690911,
      14.462468983690911,
      14.462468983690911,
      14.462468983690911,
      14.462468983690911,
      14.462468983690911,
      14.462468983690911
    ],
    "fairness_costs": [
      0.002500000000000016,
      0.002500000000000016,
      0.002500000000000016,
      0.002500000000000016,
      0.002500000000000016,
      0.002500000000000016,
      0.002500000000000016,
      0.002500000000000016,
      0.002500000000000016,
      0.002500000000000016,
      0.002500000000000016,
      0.002500000000000016,
      0.002500000000000016,
      0.002500000000000016,
      0.002500000000000016,
      0.002500000000000016,
      0.002500000000000016,
      0.002500000000000016,
      0.002500000000000016,
      0.002500000000000016,
      0.002500000000000016,
      0.002500000000000016,
      0.002500000000000016,
      0.002500000000000016,
      0.002500000000000016,
      0.002500000000000016,
      0.002500000000000016,
      0.002500000000000016,
      0.002500000000000016,
      0.002500000000000016,
      0.002500000000000016,
      0.002500000000000016,
      0.002500000000000016,
      0.002500000000000016,
      0.002500000000000016,
      0.002500000000000016,
      0.002500000000000016,
      0.002500000000000016,
      0.002500000000000016,
      0.002500000000000016,
      0.002500000000000016,
      0.002500000000000016,
      0.002500000000000016,
      0.002500000000000016,
      0.002500000000000016,
      0.002500000000000016,
      0.002500000000000016,
      0.002500000000000016,
      0.002500000000000016,
      0.002500000000000016,
      0.002500000000000016
    ]
  },
  "socially_fair": {
    "total_costs": [
      0.6125,
      0.6128570023711744,
      0.6132140047423487,
      0.613571007113523,
      0.6139280094846974,
      0.6142850118558717,
      0.6146420142270461,
      0.6149990165982204,
      0.6153560189693947,
      0.615713021340569,
      0.6160700237117434,
      0.6164270260829178,
      0.6167840284540921,
      0.6171410308252664,
      0.6174980331964407,
      0.617855035567615,
      0.6182120379387894,
      0.6185690403099637,
      0.618926042681138,
      0.6192830450523125,
      0.6196400474234868,
      0.6199970497946611,
      0.6203540521658354,
      0.6207110545370097,
      0.621068056908184,
      0.6214250592793583,
      0.6217820616505328,
      0.6221390640217072,
      0.6224960663928815,
      0.6228530687640558,
      0.6232100711352301,
      0.6235670735064044,
      0.6239240758775787,
      0.6242810782487531,
      0.6246380806199274,
      0.6249950829911017,
      0.625352085362276,
      0.6257090877334505,
      0.6260660901046248,
      0.6264230924757991,
      0.6267800948469734,
      0.6271370972181478,
      0.6274940995893221,
      0.6278511019604964,
      0.6282081043316707,
      0.628565106702845,
      0.6289221090740194,
      0.6292791114451938,
      0.6296361138163682,
      0.6299931161875425,
      0.6303501185587168
    ],
    "distance_costs": [
      0.9695023711743354,
      0.9695023711743354,
      0.9695023711743354,
      0.9695023711743354,
      0.9695023711743354,
      0.9695023711743354,
      0.9695023711743354,
      0.9695023711743354,
      0.9695023711743354,
      0.9695023711743354,
      0.9695023711743354,
      0.9695023711743354,
      0.9695023711743354,
      0.9695023711743354,
      0.9695023711743354,
      0.9695023711743354,
      0.9695023711743354,
      0.9695023711743354,
      0.9695023711743354,
      0.9695023711743354,
      0.9695023711743354,
      0.9695023711743354,
      0.9695023711743354,
      0.9695023711743354,
      0.9695023711743354,
      0.9695023711743354,
      0.9695023711743354,
      0.9695023711743354,
      0.9695023711743354,
      0.9695023711743354,
      0.9695023711743354,
      0.9695023711743354,
      0.9695023711743354,
      0.9695023711743354,
      0.9695023711743354,
      0.9695023711743354,
      0.9695023711743354,
      0.9695023711743354,
      0.9695023711743354,
      0.9695023711743354,
      0.9695023711743354,
      0.9695023711743354,
      0.9695023711743354,
      0.9695023711743354,
      0.9695023711743354,
      0.9695023711743354,
      0.9695023711743354,
      0.9695023711743354,
      0.9695023711743354,
      0.9695023711743354,
      0.9695023711743354
    ],