{
  "lambda_values": [
    0.0,
    0.001,
    0.002,
    0.003,
    0.004,
    0.005,
    0.006,
    0.007,
    0.008,
    0.009,
    0.01,
    0.011,
    0.012,
    0.013,
    0.014,
    0.015,
    0.016,
    0.017,
    0.018,
    0.019,
    0.02,
    0.021,
    0.022,
    0.023,
    0.024,
    0.025,
    0.026,
    0.027,
    0.028,
    0.029,
    0.03,
    0.031,
    0.032,
    0.033,
    0.034,
    0.035,
    0.036,
    0.037,
    0.038,
    0.039,
    0.04,
    0.041,
    0.042,
    0.043,
    0.044,
    0.045,
    0.046,
    0.047,
    0.048,
    0.049,
    0.05
  ],
  "welfare_clustering": {
    "total_costs": [
      0.00019999999999997917,
      0.014022456997818266,
      0.027844913995636555,
      0.04166737099345484,
      0.055489827991273125,
      0.06931228498909141,
      0.0831347419869097,
      0.09695719898472799,
      0.11077965598254627,
      0.12460211298036455,
      0.13842456997818284,
      0.15224702697600112,
      0.16606948397381943,
      0.17989194097163771,
      0.193714397969456,
      0.20753685496727428,
      0.22135931196509256,
      0.23518176896291088,
      0.24900422596072913,
      0.26282668295854744,
      0.2766491399563657,
      0.290471596954184,
      0.30429405395200226,
      0.3181165109498206,
      0.3319389679476389,
      0.3457614249454572,
      0.35958388194327545,
      0.3734063389410937,
      0.387228795938912,
      0.40105125293673033,
      0.4148737099345486,
      0.42869616693236684,
      0.44251862393018515,
      0.45634108092800346,
      0.4701635379258218,
      0.4839859949236401,
      0.4978084519214583,
      0.5116309089192765,
      0.5254533659170949,
      0.5392758229149132,
      0.5530982799127314,
      0.5669207369105498,
      0.580743193908368,
      0.5945656509061863,
      0.6083881079040045,
      0.6222105649018228,
      0.6360330218996412,
      0.6498554788974594,
      0.6636779358952778,
      0.6775003928930962,
      0.6913228498909144
    ],
    "distance_costs": [
      13.822656997818287,
      13.822656997818287,
      13.822656997818287,
      13.822656997818287,
      13.822656997818287,
      13.822656997818287,
      13.822656997818287,
      13.822656997818287,
      13.822656997818287,
      13.822656997818287,
      13.822656997818287,
      13.822656997818287,
      13.822656997818287,
      13.822656997818287,
      13.822656997818287,
      13.822656997818287,
      13.822656997818287,
      13.822656997818287,
      13.822656997818287,
      13.822656997818287,
      13.822656997818287,
      13.822656997818287,
      13.822656997818287,
      13.822656997818287,
      13.822656997818287,
      13.822656997818287,
      13.822656997818287,
      13.822656997818287,
      13.822656997818287,
      13.822656997818287,
      13.822656997818287,
      13.822656997818287,
      13.822656997818287,
      13.822656997818287,
      13.822656997818287,
      13.822656997818287,
      13.822656997818287,
      13.822656997818287,
      13.822656997818287,
      13.822656997818287,
      13.822656997818287,
      13.822656997818287,
      13.822656997818287,
      13.822656997818287,
      13.822656997818287,
      13.822656997818287,
      13.822656997818287,
      13.822656997818287,
      13.822656997818287,
      13.822656997818287,
      13.822656997818287
    ],
    "fairness_costs": [
      0.00019999999999997914,
      0.00019999999999997914,
      0.00019999999999997914,
      0.00019999999999997914,
      0.00019999999999997914,
      0.00019999999999997914,
      0.00019999999999997914,
      0.00019999999999997914,
      0.00019999999999997914,
      0.00019999999999997914,
      0.00019999999999997914,
      0.00019999999999997914,
      0.00019999999999997914,
      0.00019999999999997914,
      0.00019999999999997914,
      0.00019999999999997914,
      0.00019999999999997914,
      0.00019999999999997914,
      0.00019999999999997914,
      0.00019999999999997914,
      0.00019999999999997914,
      0.00019999999999997914,
      0.00019999999999997914,
      0.00019999999999997914,
      0.00019999999999997914,
      0.00019999999999997914,
      0.00019999999999997914,
      0.00019999999999997914,
      0.00019999999999997914,
      0.00019999999999997914,
      0.00019999999999997914,
      0.00019999999999997914,
      0.00019999999999997914,
      0.00019999999999997914,
      0.00019999999999997914,
      0.00019999999999997914,
      0.00019999999999997914,
      0.00019999999999997914,
      0.00019999999999997914,
      0.00019999999999997914,
      0.00019999999999997914,
      0.00019999999999997914,
      0.00019999999999997914,
      0.00019999999999997914,
      0.00019999999999997914,
      0.00019999999999997914,
      0.00019999999999997914,
      0.00019999999999997914,
      0.00019999999999997914,
      0.00019999999999997914,
      0.00019999999999997914
    ]
  },
  "socially_fair": {
    "total_costs": [
      0.5804,
      0.5807843685888832,
      0.5811687371777664,
      0.5815531057666496,
      0.5819374743555328,
      0.582321842944416,
      0.5827062115332992,
      0.5830905801221824,
      0.5834749487110656,
      0.5838593172999488,
      0.5842436858888319,
      0.5846280544777153,
      0.5850124230665984,
      0.5853967916554815,
      0.5857811602443648,
      0.586165528833248,
      0.5865498974221312,
      0.5869342660110143,
      0.5873186345998975,
      0.5877030031887808,
      0.5880873717776639,
      0.5884717403665471,
      0.5888561089554303,
      0.5892404775443135,
      0.5896248461331968,
      0.5900092147220799,
      0.590393583310963,
      0.5907779518998464,
      0.5911623204887295,
      0.5915466890776127,
      0.5919310576664959,
      0.5923154262553791,
      0.5926997948442623,
      0.5930841634331455,
      0.5934685320220286,
      0.5938529006109119,
      0.5942372691997951,
      0.5946216377886783,
      0.5950060063775614,
      0.5953903749664448,
      0.5957747435553279,
      0.596159112144211,
      0.5965434807330943,
      0.5969278493219775,
      0.5973122179108606,
      0.5976965864997439,
      0.598080955088627,
      0.5984653236775103,
      0.5988496922663935,
      0.5992340608552766,
      0.5996184294441598
    ],
    "distance_costs": [
      0.964765194494245,
      0.964765194494245,
      0.964765194494245,
      0.964765194494245,
      0.964765194494245,
      0.964765194494245,
      0.964765194494245,
      0.964765194494245,
      0.964765194494245,
      0.964765194494245,
      0.964765194494245,
      0.964765194494245,
      0.964765194494245,
      0.964765194494245,
      0.964765194494245,
      0.964765194494245,
      0.964765194494245,
      0.964765194494245,
      0.964765194494245,
      0.964765194494245,
      0.964765194494245,
      0.964765194494245,
      0.964765194494245,
      0.964765194494245,
      0.964765194494245,
      0.964765194494245,
      0.964765194494245,
      0.964765194494245,
      0.964765194494245,
      0.964765194494245,
      0.964765194494245,
      0.964765194494245,
      0.964765194494245,
      0.964765194494245,
      0.964765194494245,
      0.964765194494245,
      0.964765194494245,
      0.964765194494245,
      0.964765194494245,
      0.964765194494245,
      0.964765194494245,
      0.964765194494245,
      0.964765194494245,
      0.964765194494245,
      0.964765194494245,
      0.964765194494245,
      0.964765194494245,
      0.964765194494245,
      0.964765194494245,
      0.964765194494245,
      0.964765194494245
    ],