k,pof,delta,util_value,util_lp,lp_iters,opt_index,epsilon,epsilon_set_size,min_clust_size,runtime,fair_cost,colorblind_cost,num_points,centers,assignment
4,10.0,0.1,0.011111111111111127,0.0,7,0,0.0078125,128.0,33,0.43408374799946614,47.632116456826004,12.056728419232911,160,"[[-4.0865412756745245, 14.962701124044084], [-0.6482548216897948, 0.31100459144834947], [1.2246077446070118, -0.3000441029251961], [3.956395347539178, 15.032241286107572]]","[3, 3, 0, 3, 0, 0, 3, 0, 0, 0, 3, 3, 0, 0, 0, 0, 0, 3, 3, 0, 3, 0, 0, 0, 3, 3, 0, 3, 0, 3, 0, 0, 3, 0, 3, 3, 0, 0, 3, 3, 0, 3, 0, 3, 0, 3, 0, 0, 3, 3, 0, 0, 3, 3, 3, 0, 3, 0, 3, 3, 3, 3, 3, 0, 3, 0, 0, 0, 0, 3, 3, 0, 3, 0, 3, 3, 0, 3, 3, 0, 1, 2, 2, 2, 1, 1, 1, 1, 1, 1, 2, 1, 1, 2, 1, 1, 2, 1, 1, 2, 1, 2, 1, 2, 1, 2, 2, 1, 1, 1, 2, 2, 1, 2, 1, 1, 2, 2, 1, 1, 1, 1, 1, 1, 2, 1, 2, 1, 2, 1, 1, 1, 1, 2, 1, 2, 2, 1, 2, 1, 1, 2, 2, 1, 2, 1, 1, 2, 2, 2, 1, 2, 1, 2, 2, 1, 2, 2, 2, 2]"
