k,lambda_param,min_welfare_cost,best_pof,best_group_costs,fcbc_objective_at_best
4,0.5,124.18989254940934,1.275,"{0: 123.69064438290602, 1: 124.18989254940934}",182.12219936255903
