k,lambda_param,min_welfare_cost,best_pof,best_group_costs,fcbc_objective_at_best
7,0.5,120.88617423907796,1.44375,"{0: 120.88617423907796, 1: 120.82355861421733}",148.61354634359097
