k,lambda_param,min_welfare_cost,best_pof,best_group_costs,fcbc_objective_at_best
5,0.5,121.8960784960869,1.44375,"{0: 121.86301845263206, 1: 121.8960784960869}",159.57178508129968
