k,lambda_param,max_welfare_cost,group_costs
4,0.5,292.6798642949401,"{0: 292.23543907035327, 1: 292.6798642949401}"
