k,lambda_param,max_welfare_cost,group_costs
8,0.5,291.2811410999761,"{0: 291.2297179680329, 1: 291.2811410999761}"
