k,lambda_param,min_welfare_cost,best_pof,best_group_costs,fcbc_objective_at_best
8,0.5,126.10834806118102,1.21875,"{0: 126.10834806118102, 1: 126.0619008839293}",144.0428583389618
