k,lambda_param,min_welfare_cost,best_pof,best_group_costs,fcbc_objective_at_best
6,0.5,87.78559331009889,1.1625,"{0: 87.74119526051919, 1: 87.78559331009889}",152.59395113460434
