k,lambda_param,max_welfare_cost,group_costs
7,0.5,240.43163469561938,"{0: 240.43163469561938, 1: 240.3059426423459}"
