k,lambda_param,max_welfare_cost,group_costs
6,0.5,250.0002214009456,"{0: 250.0002214009456, 1: 244.09520400117086}"
