k,lambda_param,max_welfare_cost,group_costs
5,0.5,267.5064420393611,"{0: 267.42537225542725, 1: 267.5064420393611}"
