k,pof,delta,util_value,util_lp,lp_iters,opt_index,epsilon,epsilon_set_size,min_clust_size,runtime,fair_cost,colorblind_cost,num_points,centers,assignment
4,20.0,0.1,0.0,0.0,7,0,0.0078125,128.0,20,0.15749755700016976,42.3407736706528,2.652280917428087,80,"[[-5.052830901510031, 7.921648798459266], [-1.0028945254982393, 0.00492915311682296], [0.9854526645139103, 0.007967361326206568], [4.948981370700601, 8.033592550393635]]","[3, 3, 0, 3, 0, 0, 3, 0, 0, 0, 3, 3, 0, 0, 0, 0, 3, 3, 3, 0, 3, 0, 0, 0, 3, 3, 0, 3, 0, 3, 0, 0, 3, 0, 3, 3, 3, 0, 3, 3, 1, 2, 1, 2, 1, 2, 1, 1, 2, 2, 1, 1, 1, 2, 2, 1, 2, 1, 1, 2, 2, 2, 2, 1, 2, 1, 1, 1, 1, 2, 2, 1, 2, 1, 2, 2, 1, 2, 2, 1]"
