{
  "lambda_values": [
    0.0,
    0.05,
    0.1,
    0.15000000000000002,
    0.2,
    0.25,
    0.30000000000000004,
    0.35000000000000003,
    0.4,
    0.45,
    0.5
  ],
  "welfare_clustering": {
    "total_costs": [
      0.0,
      1.1227419887935626,
      2.245483977587125,
      3.368225966380688,
      4.49096795517425,
      5.613709943967812,
      6.736451932761376,
      7.8591939215549385,
      8.9819359103485,
      10.104677899142063,
      11.227419887935625
    ],
    "distance_costs": [
      22.45483977587125,
      22.45483977587125,
      22.45483977587125,
      22.45483977587125,
      22.45483977587125,
      22.45483977587125,
      22.45483977587125,
      22.45483977587125,
      22.45483977587125,
      22.45483977587125,
      22.45483977587125
    ],
    "fairness_costs": [
      0.0,
      0.0,
      0.0,
      0.0,
      0.0,
      0.0,
      0.0,
      0.0,
      0.0,
      0.0,
      0.0
    ],
    "cost_ratios": [
      Infinity,
      Infinity,
      Infinity,
      Infinity,
      Infinity,
      Infinity,
      Infinity,
      Infinity,
      Infinity,
      Infinity,
      Infinity
    ]
  },
  "socially_fair": {
    "total_costs": [
      0.39999999999999997,
      0.38445666610245854,
      0.36891333220491723,
      0.35336999830737587,
      0.3378266644098345,
      0.32228333051229313,
      0.30673999661475176,
      0.2911966627172104,
      0.2756533288196691,
      0.2601099949221277,
      0.24456666102458638
    ],
    "distance_costs": [
      0.08913332204917283,
      0.08913332204917283,
      0.08913332204917283,
      0.08913332204917283,
      0.08913332204917283,
      0.08913332204917283,
      0.08913332204917283,
      0.08913332204917283,
      0.08913332204917283,
      0.08913332204917283,
      0.08913332204917283
    ],
    "fairness_costs": [
      0.39999999999999997,
      0.39999999999999997,
      0.39999999999999997,
      0.39999999999999997,
      0.39999999999999997,
      0.39999999999999997,
      0.39999999999999997,
      0.39999999999999997,
      0.39999999999999997,
      0.39999999999999997,
      0.39999999999999997
    ],
    "cost_ratios": [
      0.2228333051229321,
      0.2228333051229321,
      0.2228333051229321,
      0.2228333051229321,
      0.2228333051229321,
      0.2228333051229321,
      0.2228333051229321,
      0.2228333051229321,
      0.2228333051229321,
      0.2228333051229321,
      0.2228333051229321
    ]
  },
  "fcbc": {
    "total_costs": [
      0.0,
      1.1227419887935626,
      2.245483977587125,
      3.368225966380688,
      4.49096795517425,
      5.613709943967812,
      6.736451932761376,
      7.8591939215549385,
      8.9819359103485,
      10.104677899142063,
      11.227419887935625
    ],
    "distance_costs": [
      22.45483977587125,
      22.45483977587125,
      22.45483977587125,
      22.45483977587125,
      22.45483977587125,
      22.45483977587125,
      22.45483977587125,
      22.45483977587125,
      22.45483977587125,
      22.45483977587125,
      22.45483977587125
    ],
    "fairness_costs": [
      0.0,
      0.0,
      0.0,
      0.0,
      0.0,
      0.0,
      0.0,
      0.0,
      0.0,
      0.0,
      0.0
    ],
    "cost_ratios": [
      Infinity,
      Infinity,
      Infinity,
      Infinity,
      Infinity,
      Infinity,
      Infinity,
      Infinity,
      Infinity,
      Infinity,
      Infinity
    ]
  }
}